<?xml version="1.0" encoding="UTF-8" ?>
<XML_DIZ_INFO>
<MASTER_PAD_VERSION_INFO>
    <MASTER_PAD_VERSION>1.15</MASTER_PAD_VERSION>
    <MASTER_PAD_INFO>Portable Application Description, or PAD for short, is a data set that is used by shareware authors to disseminate information to anyone interested in their software products. To find out more go to http://www.asp-shareware.org/pad</MASTER_PAD_INFO>
</MASTER_PAD_VERSION_INFO>
<Company_Info>
        <Company_Name>Fookes Software</Company_Name>
        <Address_1>La Petite Fin 27</Address_1>
        <Address_2 />
        <City_Town>Charmey</City_Town>
        <State_Province>FR</State_Province>
        <Zip_Postal_Code>1637</Zip_Postal_Code>
        <Country>Switzerland</Country>
        <Company_WebSite_URL>http://www.fookes.com/</Company_WebSite_URL>
<Contact_Info>
        <Author_First_Name>Eric</Author_First_Name>
        <Author_Last_Name>Fookes</Author_Last_Name>
        <Author_Email>info@fookes.com</Author_Email>
        <Contact_First_Name>Eric</Contact_First_Name>
        <Contact_Last_Name>Fookes</Contact_Last_Name>
        <Contact_Email>info@fookes.com</Contact_Email>
    </Contact_Info>
<Support_Info>
        <Sales_Email>info@fookes.com</Sales_Email>
        <Support_Email>info@fookes.com</Support_Email>
        <General_Email>info@fookes.com</General_Email>
        <Sales_Phone>1-877-353-7297</Sales_Phone>
        <Support_Phone />
        <General_Phone>+41/26-927 24 46</General_Phone>
        <Fax_Phone>+41/22-927 24 47</Fax_Phone>
    </Support_Info>
</Company_Info>
<Program_Info>
        <Program_Name>Easy Thumbnails</Program_Name>
        <Program_Version>2.8</Program_Version>
        <Program_Release_Month>04</Program_Release_Month>
        <Program_Release_Day>22</Program_Release_Day>
        <Program_Release_Year>2004</Program_Release_Year>
        <Program_Cost_Dollars>0</Program_Cost_Dollars>
        <Program_Cost_Other_Code />
        <Program_Cost_Other />
        <Program_Type>Freeware</Program_Type>
        <Program_Release_Status>Minor Update</Program_Release_Status>
        <Program_Install_Support>Install and Uninstall</Program_Install_Support>
        <Program_OS_Support>Win95,Win98,WinME,WinNT 4.x,WinXP,Windows2000</Program_OS_Support>
        <Program_Language>English</Program_Language>
<File_Info>
        <Filename_Versioned>ezthm280.zip</Filename_Versioned>
        <Filename_Previous>ezthm260.zip</Filename_Previous>
        <Filename_Generic>ezthmb.zip</Filename_Generic>
        <Filename_Long>EzThumbnails.zip</Filename_Long>
        <File_Size_Bytes>1174863</File_Size_Bytes>
        <File_Size_K>1147</File_Size_K>
        <File_Size_MB>1.12</File_Size_MB>
    </File_Info>
<Expire_Info>
        <Has_Expire_Info>N</Has_Expire_Info>
        <Expire_Count />
        <Expire_Based_On>Days</Expire_Based_On>
        <Expire_Other_Info />
        <Expire_Month />
        <Expire_Day />
        <Expire_Year />
    </Expire_Info>
        <Program_Change_Info>Adds updated graphics engine and several other improvements</Program_Change_Info>
        <Program_Specific_Category>Graphics</Program_Specific_Category>
        <Program_Categories>html utilities</Program_Categories>
        <Program_System_Requirements>RAM: 16MB; HD: 1.4MB</Program_System_Requirements>
        <Includes_JAVA_VM>N</Includes_JAVA_VM>
        <Includes_VB_Runtime>N</Includes_VB_Runtime>
        <Includes_DirectX>N</Includes_DirectX>
</Program_Info>
<Program_Descriptions>
<English>
        <Keywords>thumbnails, thumb nails, thumnails, thumbs, batch resizing, resampling, lanczos3, lanczos, create, make, generate, scale, resize, pictures, images, photos, digital, jpg, jpeg, lossless, easy, free, freeware, downloadable</Keywords>
        <Char_Desc_45>Easy but powerful thumbnail image creator.</Char_Desc_45>
        <Char_Desc_80>A user-friendly thumbnail image creator, with handy preview and editing tools.</Char_Desc_80>
        <Char_Desc_250>Create accurate thumbnails from popular picture formats with this handy freeware utility. Find and view images easily, preview your thumbnails, and use provided tools to rotate images and adjust their contrast, brightness, sharpness and compression.</Char_Desc_250>
        <Char_Desc_450>Create accurate thumbnails and scaled-down/up copies of your pictures with this handy freeware utility. Find and view images easily, and process them individually, in batches or a whole folder at a time. Handle a wide range of popular image formats. Use provided tools to rotate images and adjust contrast, brightness, sharpness and quality. Preview thumbnails, add suffixes or prefixes to name, and try a range of image-processing techniques.</Char_Desc_450>
        <Char_Desc_2000>Easy Thumbnails is a handy freeware utility for creating accurate thumbnail images and scaled-down/up copies from a wide range of popular picture formats. An elegant interface makes it a snap to find your images and select them for processing individually, in groups, or in whole folders, using a simple file selector and built-in image viewer. You can use slider controls to rotate images and adjust their contrast, brightness, sharpness and quality, and check out the results with a convenient built-in viewer.

Thumbnails can be created in any existing folder or a new folder, and you can identify them clearly by adding a prefix or suffix to their titles. If you're an image-processing enthusiast, you'll enjoy having a choice of nine resampling algorithms for the best possible results. You can convert small batches of images inside Windows Explorer from the File menu or with a right-click of the mouse, display thumbnails in your browser, and even take advantage of command-line switches to generate thumbnails seamlessly from other programs. You can also save your thumbnails to a Web page using a HTML template that you can easily customize to create your own layouts, and there's helpful documentation that includes full instructions and some useful tips.

Easy Thumbnails is a genuine freeware product that will not annoy you with advertising, intrusive spyware components or nag screens. It comes from Fookes Software, developers of the award-winning NoteTab text editors and other high-quality applications.</Char_Desc_2000>
</English>
</Program_Descriptions>
<Web_Info>
<Application_URLs>
        <Application_Info_URL>http://www.fookes.com/ezthumbs/</Application_Info_URL>
        <Application_Order_URL />
        <Application_Screenshot_URL>http://www.fookes.com/ezthumbs/ezthumbs1.gif</Application_Screenshot_URL>
        <Application_Icon_URL>http://www.fookes.com/ezthumbs/icon.gif</Application_Icon_URL>
        <Application_XML_File_URL>http://www.fookes.com/info/ezthmb.xml</Application_XML_File_URL>
    </Application_URLs>
<Download_URLs>
        <Primary_Download_URL>http://www.fookes.net/ftp/free/ezthmb.zip</Primary_Download_URL>
        <Secondary_Download_URL>ftp://ftp.privatei.com/pub2/drff/ezthmb.zip</Secondary_Download_URL>
        <Additional_Download_URL_1>http://www.notetab.ch/ftp/ezthmb.zip</Additional_Download_URL_1>
        <Additional_Download_URL_2 />
    </Download_URLs>
</Web_Info>
<Permissions>
        <Distribution_Permissions>You are hereby licensed to make as many copies of the
SOFTWARE as you wish; give exact copies of the original
package of the SOFTWARE to anyone; and distribute the package
of the SOFTWARE in its unmodified form via electronic means
(Internet, BBS's, Shareware distribution libraries, CD-ROMs,
etc.). You may charge a distribution fee for the package, but
you must not represent in any way that you are selling the
software itself.</Distribution_Permissions>
        <EULA>EASY THUMBNAILS - PRODUCT LICENSE INFORMATION

NOTICE TO USERS: CAREFULLY READ THE FOLLOWING LEGAL AGREEMENT.
USE OF THE EASY THUMBNAILS SOFTWARE PROVIDED WITH THIS
AGREEMENT (THE &quot;SOFTWARE&quot;) CONSTITUTES YOUR ACCEPTANCE OF
THESE TERMS. IF YOU DO NOT AGREE TO THE TERMS OF THIS
AGREEMENT, DO NOT INSTALL AND/OR USE THIS SOFTWARE. USER'S USE
OF THIS SOFTWARE IS CONDITIONED UPON COMPLIANCE BY USER WITH
THE TERMS OF THIS AGREEMENT.


1. LICENSE GRANT. Fookes Software grants you a license to use
the Easy Thumbnails software program (the &quot;SOFTWARE&quot;) on any
desktop/laptop computer as long as the terms of this agreement are respected.
&quot;You&quot; means the company, entity, or individual installing or
using the SOFTWARE. &quot;Use&quot; means storing, loading, installing,
executing, or displaying the SOFTWARE. You may not run the SOFTWARE from a
network server or operate it on a server as a process for another
application without written permission from Fookes Software (contact us at
&amp;lt;sales@fookes.com&amp;gt; for information). You may not modify the
SOFTWARE or disable any licensing or control features of the
SOFTWARE except as an intended part of the SOFTWARE's
programming features.


2. OWNERSHIP. The SOFTWARE is owned and copyrighted by Fookes
Software. Your license confers no title or ownership in the
SOFTWARE and should not be construed as a sale of any right in
the SOFTWARE.


3. COPYRIGHT. The SOFTWARE is protected by United States
copyright law and international treaty provisions. You
acknowledge that no title to the intellectual property in the
SOFTWARE is transferred to you. You further acknowledge that
title and full ownership rights to the SOFTWARE will remain
the exclusive property of Fookes Software and you will not
acquire any rights to the SOFTWARE except as expressly set
forth in this license. You agree that any copies of the
SOFTWARE will contain the same proprietary notices which
appear on and in the SOFTWARE.


4. UNAUTHORIZED USE. You may not use, copy, rent, lease, sell,
modify, decompile, disassemble, otherwise reverse engineer, or
transfer the SOFTWARE except as provided in this agreement.
Any such unauthorized use shall result in immediate and
automatic termination of this license.


5. BUNDLING. In no case may the SOFTWARE be bundled with
a hardware or software product without written permission from
Fookes Software &amp;lt;sales@fookes.com&amp;gt; (La Petite Fin
27, CH-1637 Charmey, Switzerland).


6. DISTRIBUTION. You are hereby licensed to make as many
copies of the SOFTWARE as you wish; give exact copies of the
original package of the SOFTWARE to anyone; and distribute the
package of the SOFTWARE in its unmodified form via electronic
means (Internet, BBS's, Shareware distribution libraries, CD-
ROMs, etc.). You may charge a distribution fee for the
package, but you must not represent in any way that you are
selling the software itself.

Permission to distribute the SOFTWARE is not transferable,
assignable, saleable, or franchisable. Each entity wishing to
distribute the package must independently satisfy the terms of
the distribution license.


7. U.S. GOVERNMENT INFORMATION. Use, duplication, or
disclosure by the U.S. Government of the computer software and
documentation in this package shall be subject to restrictions
as set forth in subparagraph (c)(1)(ii) of the Rights in
Technical Data and Computer Software clause at DFARS 252.277-
7013 (Oct 1988) and FAR 52.227-19 (Jun 1987). The Contractor
is Fookes Software, La Petite Fin 27, CH-1637 Charmey,
Switzerland.


8. LIMITED WARRANTY. THIS SOFTWARE IS PROVIDED ON AN &quot;AS IS&quot;
BASIS. FOOKES SOFTWARE DISCLAIMS ALL WARRANTIES RELATING TO
THIS SOFTWARE, WHETHER EXPRESSED OR IMPLIED, INCLUDING BUT NOT
LIMITED TO ANY IMPLIED WARRANTIES OF MERCHANTABILITY OR
FITNESS FOR A PARTICULAR PURPOSE. NEITHER FOOKES SOFTWARE NOR
ANYONE ELSE WHO HAS BEEN INVOLVED IN THE CREATION, PRODUCTION,
OR DELIVERY OF THIS SOFTWARE SHALL BE LIABLE FOR ANY INDIRECT,
CONSEQUENTIAL, OR INCIDENTAL DAMAGES ARISING OUT OF THE USE OR
INABILITY TO USE SUCH SOFTWARE, EVEN IF FOOKES SOFTWARE HAS
BEEN ADVISED OF THE POSSIBILITY OF SUCH DAMAGES OR CLAIMS. THE
PERSON USING THE SOFTWARE BEARS ALL RISK AS TO THE QUALITY AND
PERFORMANCE OF THE SOFTWARE.

SOME JURISDICTIONS DO NOT ALLOW LIMITATION OR EXCLUSION OF
INCIDENTAL OR CONSEQUENTIAL DAMAGES, SO THE ABOVE LIMITATIONS
OR EXCLUSION MAY NOT APPLY TO YOU TO THE EXTENT THAT LIABILITY
IS BY LAW INCAPABLE OF EXCLUSION OR RESTRICTION.

IN NO EVENT SHALL ANY THEORY OF LIABILITY EXCEED THE LICENSE
FEE PAID TO FOOKES SOFTWARE.


9. SEVERABILITY. In the event of invalidity of any provision
of this license, the parties agree that such invalidity shall
not affect the validity of the remaining portions of this
license.


10. NO LIABILITY FOR CONSEQUENTIAL DAMAGES. IN NO EVENT SHALL
FOOKES SOFTWARE OR ITS SUPPLIERS BE LIABLE TO YOU FOR ANY
CONSEQUENTIAL, SPECIAL, INCIDENTAL, OR INDIRECT DAMAGES OF ANY
KIND ARISING OUT OF THE DELIVERY, PERFORMANCE, OR USE OF THE
SOFTWARE, EVEN IF FOOKES SOFTWARE HAS BEEN ADVISED OF THE
POSSIBILITY OF SUCH DAMAGES. IN NO EVENT WILL FOOKES
SOFTWARE'S LIABILITY FOR ANY CLAIM, WHETHER IN CONTRACT, TORT,
OR ANY OTHER THEORY OF LIABILITY, EXCEED THE LICENSE FEE PAID
BY YOU, IF ANY.


11. GOVERNING LAW. This agreement shall be governed by the
laws of Switzerland, excluding the application of its conflicts
of law rules, and shall inure to the benefit of Fookes Software
and any successors, administrators, heirs, and assigns. Any
action or proceeding brought by either party against the other
arising out of or related to this agreement shall be brought
only in a COURT of competent jurisdiction located in
Switzerland. The parties hereby consent to in personam
jurisdiction of said courts. The United Nations Convention on
Contracts for the International Sale of Goods is specifically
disclaimed.


12. INSPECTION AND TESTING. You agree and acknowledge that you
will thoroughly inspect and test the SOFTWARE for all of your
purposes upon commencement of your use. Any suit or other
legal action, claim, or any arbitration relating in any way to
this agreement or software covered by it must be officially
filed or officially commenced no later than 90 days after your
first use of the software.


13. ENTIRE AGREEMENT. This is the entire agreement between you
and Fookes Software, which supersedes any prior agreement or
understanding, whether written or oral, relating to the
subject matter of this license.


14. RESERVED RIGHTS. All rights not expressly granted here are
reserved to Fookes Software.</EULA>
</Permissions>
<ASP>
    <ASP_FORM>Y</ASP_FORM>
    <ASP_Member>Y</ASP_Member>
    <ASP_Member_Number>3567</ASP_Member_Number>
</ASP>
</XML_DIZ_INFO>
